"","s1","s2","s3","s4","s5alt","s6"
"1",0.00120648653716093,0.250111123669536,0.00409185359565755,0.243494981387311,-0.10084548191201,0.553241690746817
"2",0.00120648653716307,0.250111123669533,0.00409185359565728,0.243420796344872,0.170317646320505,0.198164122654595
"3",0.000510409043649802,-0.000128921370368675,0.00264386839617779,-0.100804929145926,-0.00689739435820411,-0.264641280507091
"4",0.0102637417612422,0.256315266501116,0.00621996872168546,0.255017813095668,-0.112132754538088,0.558964447863991
"5",0.000785310110440325,0.248603813893787,0.00497995055315269,0.240693815682123,-0.100604030007449,0.55354105179193
"6",0.00161612424043676,0.282562112711782,0.00960176313584737,0.274379067321324,-0.101751125355786,0.58575663352968
"7",-0.00237077824551653,0.0109865222020306,0.0192809594884664,0.00579493835350876,-0.053536814462239,0.160930336387549
"8",-0.00237077824551653,0.0109865222020306,0.0192809594884664,0.00629942588449082,-0.0529765755002195,0.184075649037005
